{
    "evaluation_frequency": {
        "frequency": 1,
        "period": "epoch"
    },
    "test": {
        "combined": {
            "loss": [
                0.6098554730415344,
                0.5572516322135925,
                0.5680563449859619,
                0.5675628185272217,
                0.5890135169029236,
                0.5824480652809143,
                0.6809927225112915,
                0.6485370993614197,
                0.6476030945777893,
                0.7164996862411499,
                0.7097916007041931
            ]
        },
        "recommended": {
            "accuracy": [
                0.7008333206176758,
                0.7322916388511658,
                0.7364583611488342,
                0.7510416507720947,
                0.7561458349227905,
                0.76583331823349,
                0.7265625,
                0.7604166865348816,
                0.7540624737739563,
                0.7435416579246521,
                0.7498958110809326
            ],
            "loss": [
                0.6098554730415344,
                0.5572516322135925,
                0.5680563449859619,
                0.5675628185272217,
                0.5890135169029236,
                0.5824480652809143,
                0.6809927225112915,
                0.6485370993614197,
                0.6476030945777893,
                0.7164996862411499,
                0.7097916007041931
            ],
            "precision": [
                0.806614339351654,
                0.8319748044013977,
                0.8257821202278137,
                0.8228130340576172,
                0.7634378671646118,
                0.7837013602256775,
                0.8416263461112976,
                0.7689087390899658,
                0.8081234693527222,
                0.7954545617103577,
                0.817458987236023
            ],
            "recall": [
                0.7014949917793274,
                0.729769229888916,
                0.7463438510894775,
                0.7794930338859558,
                0.8977900743484497,
                0.8766655921936035,
                0.7063698172569275,
                0.8953526020050049,
                0.8082547783851624,
                0.8076047897338867,
                0.785180389881134
            ],
            "roc_auc": [
                0.7728475332260132,
                0.8090040683746338,
                0.8111721873283386,
                0.8173770904541016,
                0.8247662782669067,
                0.8249654769897461,
                0.813553512096405,
                0.8227843046188354,
                0.8165651559829712,
                0.8058192729949951,
                0.8131176233291626
            ],
            "specificity": [
                0.6996517777442932,
                0.7367962598800659,
                0.7188044190406799,
                0.7002321481704712,
                0.503192126750946,
                0.5679048299789429,
                0.7626233100891113,
                0.5194428563117981,
                0.6572837829589844,
                0.629135251045227,
                0.6868833303451538
            ]
        }
    },
    "training": {
        "combined": {
            "loss": [
                1.009281873703003,
                0.5249373316764832,
                0.43196210265159607,
                0.4303423762321472,
                0.3742806315422058,
                0.4625764787197113,
                0.41529396176338196,
                0.37635600566864014,
                0.2705424427986145,
                0.29355475306510925,
                0.32240697741508484
            ]
        },
        "recommended": {
            "accuracy": [
                0.625595211982727,
                0.7580952644348145,
                0.804107129573822,
                0.8083035945892334,
                0.8364880681037903,
                0.8063988089561462,
                0.8273214101791382,
                0.8441666960716248,
                0.8852678537368774,
                0.8779464364051819,
                0.8678273558616638
            ],
            "loss": [
                1.009281873703003,
                0.5249373316764832,
                0.43196210265159607,
                0.4303423762321472,
                0.3742806315422058,
                0.4625764787197113,
                0.41529396176338196,
                0.37635600566864014,
                0.2705424427986145,
                0.29355475306510925,
                0.32240697741508484
            ],
            "precision": [
                0.7084870934486389,
                0.8053867220878601,
                0.8349312543869019,
                0.8502365946769714,
                0.8669005036354065,
                0.8453402519226074,
                0.8630098700523376,
                0.8760823011398315,
                0.9064281582832336,
                0.9070665240287781,
                0.8990631103515625
            ],
            "recall": [
                0.7000093460083008,
                0.8176591396331787,
                0.8629522323608398,
                0.8483687043190002,
                0.8780031800270081,
                0.851780891418457,
                0.866317629814148,
                0.8796858787536621,
                0.9141815304756165,
                0.9005796313285828,
                0.8926334381103516
            ],
            "roc_auc": [
                0.6394203901290894,
                0.8223973512649536,
                0.8760986328125,
                0.883165717124939,
                0.9100581407546997,
                0.8824390769004822,
                0.9020625948905945,
                0.9167159795761108,
                0.9516812562942505,
                0.945181667804718,
                0.9383848905563354
            ],
            "specificity": [
                0.4951663017272949,
                0.6536949276924133,
                0.7009667158126831,
                0.7380796074867249,
                0.7637227773666382,
                0.7268556356430054,
                0.7589709758758545,
                0.7819105386734009,
                0.8345895409584045,
                0.8382762670516968,
                0.8243486881256104
            ]
        }
    },
    "validation": {
        "combined": {
            "loss": [
                0.6077539920806885,
                0.553854763507843,
                0.568364679813385,
                0.5689341425895691,
                0.5949417948722839,
                0.5895583033561707,
                0.6894409656524658,
                0.6604483127593994,
                0.6595901250839233,
                0.7291562557220459,
                0.7136098742485046
            ]
        },
        "recommended": {
            "accuracy": [
                0.7018749713897705,
                0.737500011920929,
                0.7402083277702332,
                0.7447916865348816,
                0.7506250143051147,
                0.7606250047683716,
                0.7297916412353516,
                0.7527083158493042,
                0.7541666626930237,
                0.7406250238418579,
                0.7462499737739563
            ],
            "loss": [
                0.6077539920806885,
                0.553854763507843,
                0.568364679813385,
                0.5689341425895691,
                0.5949417948722839,
                0.5895583033561707,
                0.6894409656524658,
                0.6604483127593994,
                0.6595901250839233,
                0.7291562557220459,
                0.7136098742485046
            ],